{
  "version": 1,
  "author": "GRUPO 12",
  "editor": "wokwi",
  "parts": [
    { "type": "wokwi-breadboard-mini", "id": "bb1", "top": 133, "left": -261.6, "attrs": {} },
    { "type": "wokwi-arduino-uno", "id": "uno", "top": -105, "left": -87, "attrs": {} },
    {
      "type": "wokwi-pushbutton",
      "id": "btn1",
      "top": -96.4,
      "left": 362,
      "rotate": 270,
      "attrs": { "color": "black", "bounce": "0" }
    },
    {
      "type": "wokwi-hc-sr04",
      "id": "ultrasonic1",
      "top": -392.1,
      "left": 63.1,
      "attrs": { "distance": "271" }
    },
    {
      "type": "wokwi-dht22",
      "id": "dht1",
      "top": -287.7,
      "left": 215.4,
      "attrs": { "temperature": "8.1", "humidity": "65.5" }
    },
    {
      "type": "wokwi-rgb-led",
      "id": "rgb1",
      "top": -312.8,
      "left": -123.7,
      "attrs": { "common": "cathode" }
    },
    {
      "type": "wokwi-photoresistor-sensor",
      "id": "ldr1",
      "top": 284.9,
      "left": -110.9,
      "rotate": 270,
      "attrs": {}
    },
    {
      "type": "wokwi-buzzer",
      "id": "bz1",
      "top": -343.2,
      "left": 328.2,
      "attrs": { "volume": "0.1" }
    },
    {
      "type": "wokwi-slide-potentiometer",
      "id": "pot1",
      "top": 216.2,
      "left": 229.4,
      "attrs": { "travelLength": "30" }
    },
    {
      "type": "wokwi-servo",
      "id": "servo1",
      "top": -452.2,
      "left": -75,
      "rotate": 270,
      "attrs": {}
    },
    { "type": "wokwi-potentiometer", "id": "pot2", "top": -135.7, "left": -163.4, "attrs": {} },
    { "type": "wokwi-lcd2004", "id": "lcd4", "top": 16, "left": 284, "attrs": { "pins": "i2c" } },
    {
      "type": "wokwi-photoresistor-sensor",
      "id": "ldr2",
      "top": 275.3,
      "left": 13.9,
      "rotate": 270,
      "attrs": {}
    },
    { "type": "wokwi-74hc595", "id": "sr1", "top": 181.2, "left": -215.36, "attrs": {} },
    {
      "type": "wokwi-led",
      "id": "led2",
      "top": 34.8,
      "left": -284.2,
      "attrs": { "color": "white" }
    },
    {
      "type": "wokwi-led",
      "id": "led3",
      "top": 34.8,
      "left": -255.4,
      "attrs": { "color": "white" }
    },
    {
      "type": "wokwi-led",
      "id": "led4",
      "top": 34.8,
      "left": -226.6,
      "attrs": { "color": "white" }
    },
    {
      "type": "wokwi-led",
      "id": "led5",
      "top": 34.8,
      "left": -197.8,
      "attrs": { "color": "white" }
    },
    {
      "type": "wokwi-led",
      "id": "led6",
      "top": 34.8,
      "left": -169,
      "attrs": { "color": "white" }
    },
    {
      "type": "wokwi-led",
      "id": "led7",
      "top": 34.8,
      "left": -149.8,
      "attrs": { "color": "white" }
    },
    {
      "type": "wokwi-led",
      "id": "led8",
      "top": 34.8,
      "left": -130.6,
      "attrs": { "color": "white" }
    },
    {
      "type": "wokwi-led",
      "id": "led9",
      "top": 34.8,
      "left": -111.4,
      "attrs": { "color": "white" }
    },
    {
      "type": "wokwi-resistor",
      "id": "r2",
      "top": 99.4,
      "left": -279.25,
      "rotate": 270,
      "attrs": { "value": "220" }
    },
    {
      "type": "wokwi-resistor",
      "id": "r3",
      "top": 99.4,
      "left": -260.05,
      "rotate": 270,
      "attrs": { "value": "220" }
    },
    {
      "type": "wokwi-resistor",
      "id": "r4",
      "top": 99.4,
      "left": -231.25,
      "rotate": 270,
      "attrs": { "value": "220" }
    },
    {
      "type": "wokwi-resistor",
      "id": "r5",
      "top": 100.8,
      "left": -202.15,
      "rotate": 270,
      "attrs": { "value": "220" }
    },
    {
      "type": "wokwi-resistor",
      "id": "r6",
      "top": 99.4,
      "left": -173.65,
      "rotate": 270,
      "attrs": { "value": "220" }
    },
    {
      "type": "wokwi-resistor",
      "id": "r7",
      "top": 99.4,
      "left": -154.45,
      "rotate": 270,
      "attrs": { "value": "220" }
    },
    {
      "type": "wokwi-resistor",
      "id": "r8",
      "top": 99.4,
      "left": -135.25,
      "rotate": 270,
      "attrs": { "value": "220" }
    },
    {
      "type": "wokwi-resistor",
      "id": "r9",
      "top": 99.4,
      "left": -116.05,
      "rotate": 270,
      "attrs": { "value": "220" }
    },
    {
      "type": "wokwi-pushbutton",
      "id": "btn2",
      "top": -96.6,
      "left": 425.4,
      "rotate": 270,
      "attrs": { "color": "green", "xray": "1" }
    }
  ],
  "connections": [
    [ "ldr1:AO", "uno:A0", "yellow", [ "v-9.6", "h28.1", "v-105.6", "h101.8" ] ],
    [ "ultrasonic1:TRIG", "uno:5", "orange", [ "h-0.4", "v153.6", "h15.4" ] ],
    [ "rgb1:R", "uno:13", "green", [ "v105.6", "h153.6" ] ],
    [ "rgb1:G", "uno:12", "green", [ "v86.4", "h145.3" ] ],
    [ "rgb1:B", "uno:11", "orange", [ "v76.8", "h145.6" ] ],
    [ "servo1:PWM", "uno:10", "orange", [ "v19.2", "h-442.1" ] ],
    [ "uno:A1", "pot2:SIG", "yellow", [ "v-76.9", "h-255.3", "v-76.8" ] ],
    [ "pot2:VCC", "uno:5V", "red", [ "h-0.8", "v48.8", "h207.4" ] ],
    [ "pot2:GND", "uno:GND.2", "black", [ "v67.2", "h240" ] ],
    [ "uno:A3", "pot1:SIG", "yellow", [ "v0" ] ],
    [ "ldr1:GND", "uno:GND.2", "black", [ "v-28.8", "h114.8", "v-115.1" ] ],
    [ "ldr1:VCC", "uno:5V", "red", [ "v-76.8", "h111.4" ] ],
    [ "uno:3", "dht1:SDA", "orange", [ "v-19.2", "h71.2" ] ],
    [ "uno:4", "bz1:1", "green", [ "v-9.6", "h224.7", "v-144" ] ],
    [ "bz1:2", "dht1:GND", "green", [ "v0" ] ],
    [ "ultrasonic1:VCC", "dht1:VCC", "red", [ "v0" ] ],
    [ "servo1:V+", "ultrasonic1:VCC", "red", [ "v0" ] ],
    [ "ldr2:GND", "uno:GND.2", "black", [ "v-38.4", "h-10", "v-95.9" ] ],
    [ "ldr2:VCC", "uno:5V", "red", [ "h-38.4", "v-67.2", "h25" ] ],
    [ "uno:A5", "lcd4:SCL", "green", [ "v-0.1", "h42.7", "v-29.1" ] ],
    [ "uno:A4", "lcd4:SDA", "green", [ "v-9.7", "h42.6", "v-29" ] ],
    [ "btn1:2.l", "lcd4:GND", "black", [ "v28.8", "h-124.6", "v38.4" ] ],
    [ "pot1:GND", "lcd4:GND", "black", [ "v-48", "h-215.6", "v-172.8" ] ],
    [ "dht1:VCC", "lcd4:VCC", "red", [ "v172.8", "h326.4", "v48" ] ],
    [ "pot1:VCC", "lcd4:VCC", "red", [ "h-38.4", "v-172.9" ] ],
    [ "dht1:GND", "lcd4:GND", "black", [ "v0" ] ],
    [ "sr1:OE", "uno:GND", "black", [] ],
    [ "sr1:Q0", "r2:1", "green", [] ],
    [ "sr1:Q1", "r3:1", "green", [ "v19.2", "h16.95" ] ],
    [ "sr1:Q2", "r4:1", "green", [ "v38.4", "h19.2", "v-182.6" ] ],
    [ "sr1:Q3", "r5:1", "green", [ "v9.6", "h37.75" ] ],
    [ "sr1:Q4", "r6:1", "green", [ "v28.8", "h48.15" ] ],
    [ "sr1:Q5", "r7:1", "green", [ "v48", "h58.55" ] ],
    [ "sr1:Q6", "r8:1", "green", [ "v19.2", "h48", "v-163.4" ] ],
    [ "sr1:Q7", "r9:1", "green", [ "v38.4", "h79.35" ] ],
    [ "r2:2", "led2:A", "green", [] ],
    [ "r3:2", "led3:A", "green", [] ],
    [ "r4:2", "led4:A", "green", [] ],
    [ "r5:2", "led5:A", "green", [] ],
    [ "r6:2", "led6:A", "green", [] ],
    [ "r7:2", "led7:A", "green", [] ],
    [ "r8:2", "led8:A", "green", [] ],
    [ "r9:2", "led9:A", "green", [] ],
    [ "led2:C", "uno:GND", "black", [] ],
    [ "led3:C", "uno:GND", "black", [] ],
    [ "led4:C", "uno:GND", "black", [] ],
    [ "led5:C", "uno:GND", "black", [] ],
    [ "led6:C", "uno:GND", "black", [] ],
    [ "led7:C", "uno:GND", "black", [] ],
    [ "led8:C", "uno:GND", "black", [] ],
    [ "led9:C", "uno:GND", "black", [] ],
    [ "dht1:GND", "uno:GND.3", "black", [ "v57.6", "h115.2" ] ],
    [ "ldr1:GND", "uno:GND.3", "black", [ "v-28.8", "h57.2", "v-96", "h63.2" ] ],
    [ "uno:10", "servo1:PWM", "green", [ "v28.8", "h268.1" ] ],
    [ "btn1:2.l", "btn2:2.l", "green", [ "v28.8", "h48.4" ] ],
    [ "sr1:SHCP", "uno:7", "green", [ "v-37.2", "h134.4", "v-172.8", "h130.8" ] ],
    [ "sr1:STCP", "uno:2", "green", [ "v-18", "h115.2", "v-201.6", "h207.1" ] ],
    [ "sr1:Q1", "bb1:5b.f", "", [ "$bb" ] ],
    [ "sr1:Q2", "bb1:6b.f", "", [ "$bb" ] ],
    [ "sr1:Q3", "bb1:7b.f", "", [ "$bb" ] ],
    [ "sr1:Q4", "bb1:8b.f", "", [ "$bb" ] ],
    [ "sr1:Q5", "bb1:9b.f", "", [ "$bb" ] ],
    [ "sr1:Q6", "bb1:10b.f", "", [ "$bb" ] ],
    [ "sr1:Q7", "bb1:11b.f", "", [ "$bb" ] ],
    [ "sr1:GND", "bb1:12b.f", "", [ "$bb" ] ],
    [ "sr1:Q7S", "bb1:12t.e", "", [ "$bb" ] ],
    [ "sr1:MR", "bb1:11t.e", "", [ "$bb" ] ],
    [ "sr1:SHCP", "bb1:10t.e", "", [ "$bb" ] ],
    [ "sr1:STCP", "bb1:9t.e", "", [ "$bb" ] ],
    [ "sr1:OE", "bb1:8t.e", "", [ "$bb" ] ],
    [ "sr1:DS", "bb1:7t.e", "", [ "$bb" ] ],
    [ "sr1:Q0", "bb1:6t.e", "", [ "$bb" ] ],
    [ "sr1:VCC", "bb1:5t.e", "", [ "$bb" ] ],
    [ "uno:6", "btn1:1.l", "green", [ "v0" ] ],
    [ "ultrasonic1:ECHO", "uno:9", "orange", [ "v163.2", "h-77.6" ] ],
    [ "rgb1:COM", "uno:GND.1", "black", [ "v114.8", "h134.5" ] ],
    [ "servo1:GND", "ultrasonic1:GND", "black", [ "v38.4", "h182.4" ] ],
    [ "ultrasonic1:GND", "uno:GND.1", "black", [ "v28.8", "h-135.6" ] ],
    [ "btn2:1.l", "uno:8", "green", [ "v29", "h-361" ] ],
    [ "ldr2:AO", "uno:A2", "yellow", [ "v-76.8", "h18.5" ] ],
    [ "sr1:MR", "ldr1:VCC", "red", [ "v-8.4", "h115.2" ] ],
    [ "sr1:DS", "uno:11", "green", [ "v-27.6", "h144", "v-134.4", "h67.2", "v-67.2", "h38.4" ] ]
  ],
  "dependencies": {}
}